Year,Round,Grand Prix,Circuit,Circuit URL,Date
2000,1,Australian Grand Prix,"Albert Park Circuit , Melbourne",,12 March
2000,2,Brazilian Grand Prix,"Autódromo José Carlos Pace , São Paulo",,26 March
2000,3,San Marino Grand Prix,"Autodromo Enzo e Dino Ferrari , Imola",,9 April
2000,4,British Grand Prix,"Silverstone Circuit , Silverstone",,23 April
2000,5,Spanish Grand Prix,"Circuit de Catalunya , Montmeló",,7 May
2000,6,European Grand Prix,"Nürburgring , Nürburg",,21 May
2000,7,Monaco Grand Prix,"Circuit de Monaco , Monaco",,4 June
2000,8,Canadian Grand Prix,"Circuit Gilles Villeneuve , Montreal",,18 June
2000,9,French Grand Prix,"Circuit de Nevers Magny-Cours , Magny-Cours",,2 July
2000,10,Austrian Grand Prix,"A1-Ring , Spielberg",,16 July
2000,11,German Grand Prix,"Hockenheimring , Hockenheim",,30 July
2000,12,Hungarian Grand Prix,"Hungaroring , Mogyoród",,13 August
2000,13,Belgian Grand Prix,"Circuit de Spa-Francorchamps , Stavelot",,27 August
2000,14,Italian Grand Prix,"Autodromo Nazionale di Monza , Monza",,10 September
2000,15,United States Grand Prix,"Indianapolis Motor Speedway , Speedway",,24 September
2000,16,Japanese Grand Prix,"Suzuka Circuit , Suzuka",,8 October
2000,17,Malaysian Grand Prix,"Sepang International Circuit , Sepang",,22 October
2000,Sources:,,,,
2001,1,Australian Grand Prix,"Albert Park Circuit , Melbourne",,4 March
2001,2,Malaysian Grand Prix,"Sepang International Circuit , Kuala Lumpur",,18 March
2001,3,Brazilian Grand Prix,"Autódromo José Carlos Pace , São Paulo",,1 April
2001,4,San Marino Grand Prix,"Autodromo Enzo e Dino Ferrari , Imola",,15 April
2001,5,Spanish Grand Prix,"Circuit de Catalunya , Montmeló",,29 April
2001,6,Austrian Grand Prix,"A1-Ring , Spielberg",,13 May
2001,7,Monaco Grand Prix,"Circuit de Monaco , Monte Carlo",,27 May
2001,8,Canadian Grand Prix,"Circuit Gilles Villeneuve , Montreal",,10 June
2001,9,European Grand Prix,"Nürburgring , Nürburg",,24 June
2001,10,French Grand Prix,"Circuit de Nevers Magny-Cours , Magny-Cours",,1 July
2001,11,British Grand Prix,"Silverstone Circuit , Silverstone",,15 July
2001,12,German Grand Prix,"Hockenheimring , Hockenheim",,29 July
2001,13,Hungarian Grand Prix,"Hungaroring , Mogyoród",,19 August
2001,14,Belgian Grand Prix,"Circuit de Spa-Francorchamps , Stavelot",,2 September
2001,15,Italian Grand Prix,"Autodromo Nazionale di Monza , Monza",,16 September
2001,16,United States Grand Prix,"Indianapolis Motor Speedway , Speedway",,30 September
2001,17,Japanese Grand Prix,"Suzuka Circuit , Suzuka",,14 October
2001,Sources:,,,,
2002,1,Australian Grand Prix,"Albert Park Circuit , Melbourne",,3 March
2002,2,Malaysian Grand Prix,"Sepang International Circuit , Kuala Lumpur",,17 March
2002,3,Brazilian Grand Prix,"Autódromo José Carlos Pace , São Paulo",,31 March
2002,4,San Marino Grand Prix,"Autodromo Enzo e Dino Ferrari , Imola",,14 April
2002,5,Spanish Grand Prix,"Circuit de Catalunya , Montmeló",,28 April
2002,6,Austrian Grand Prix,"A1-Ring , Spielberg",,12 May
2002,7,Monaco Grand Prix,"Circuit de Monaco , Monte Carlo",,26 May
2002,8,Canadian Grand Prix,"Circuit Gilles Villeneuve , Montreal",,9 June
2002,9,European Grand Prix,"Nürburgring , Nürburg",,23 June
2002,10,British Grand Prix,"Silverstone Circuit , Silverstone",,7 July
2002,11,French Grand Prix,"Circuit de Nevers Magny-Cours , Magny-Cours",,21 July
2002,12,German Grand Prix,"Hockenheimring , Hockenheim",,28 July
2002,13,Hungarian Grand Prix,"Hungaroring , Mogyoród",,18 August
2002,14,Belgian Grand Prix,"Circuit de Spa-Francorchamps , Stavelot",,1 September
2002,15,Italian Grand Prix,"Autodromo Nazionale di Monza , Monza",,15 September
2002,16,United States Grand Prix,"Indianapolis Motor Speedway , Speedway",,29 September
2002,17,Japanese Grand Prix,"Suzuka Circuit , Suzuka",,13 October
2002,Sources:,,,,
2003,1,Australian Grand Prix,"Albert Park Circuit , Melbourne",,9 March
2003,2,Malaysian Grand Prix,"Sepang International Circuit , Kuala Lumpur",,23 March
2003,3,Brazilian Grand Prix,"Autódromo José Carlos Pace , São Paulo",,6 April
2003,4,San Marino Grand Prix,"Autodromo Enzo e Dino Ferrari , Imola",,20 April
2003,5,Spanish Grand Prix,"Circuit de Catalunya , Montmeló",,4 May
2003,6,Austrian Grand Prix,"A1-Ring , Spielberg",,18 May
2003,7,Monaco Grand Prix,"Circuit de Monaco , Monte Carlo",,1 June
2003,8,Canadian Grand Prix,"Circuit Gilles Villeneuve , Montreal",,15 June
2003,9,European Grand Prix,"Nürburgring , Nürburg",,29 June
2003,10,French Grand Prix,"Circuit de Nevers Magny-Cours , Magny-Cours",,6 July
2003,11,British Grand Prix,"Silverstone Circuit , Silverstone",,20 July
2003,12,German Grand Prix,"Hockenheimring , Hockenheim",,3 August
2003,13,Hungarian Grand Prix,"Hungaroring , Mogyoród",,24 August
2003,14,Italian Grand Prix,"Autodromo Nazionale di Monza , Monza",,14 September
2003,15,United States Grand Prix,"Indianapolis Motor Speedway , Speedway",,28 September
2003,16,Japanese Grand Prix,"Suzuka Circuit , Suzuka",,12 October
2003,Sources:,,,,
2004,1,Australian Grand Prix,"Albert Park Circuit , Melbourne",,7 March
2004,2,Malaysian Grand Prix,"Sepang International Circuit , Sepang",,21 March
2004,3,Bahrain Grand Prix,"Bahrain International Circuit , Sakhir",,4 April
2004,4,San Marino Grand Prix,"Autodromo Enzo e Dino Ferrari , Imola",,25 April
2004,5,Spanish Grand Prix,"Circuit de Catalunya , Montmeló",,9 May
2004,6,Monaco Grand Prix,"Circuit de Monaco , Monaco",,23 May
2004,7,European Grand Prix,"Nürburgring , Nürburg",,30 May
2004,8,Canadian Grand Prix,"Circuit Gilles Villeneuve , Montreal",,13 June
2004,9,United States Grand Prix,"Indianapolis Motor Speedway , Speedway",,20 June
2004,10,French Grand Prix,"Circuit de Nevers Magny-Cours , Magny Cours",,4 July
2004,11,British Grand Prix,"Silverstone Circuit , Silverstone",,11 July
2004,12,German Grand Prix,"Hockenheimring , Hockenheim",,25 July
2004,13,Hungarian Grand Prix,"Hungaroring , Mogyoród",,15 August
2004,14,Belgian Grand Prix,"Circuit de Spa-Francorchamps , Stavelot",,29 August
2004,15,Italian Grand Prix,"Autodromo Nazionale di Monza , Monza",,12 September
2004,16,Chinese Grand Prix,"Shanghai International Circuit , Shanghai",,26 September
2004,17,Japanese Grand Prix,"Suzuka Circuit , Suzuka",,10 October
2004,18,Brazilian Grand Prix,"Autódromo José Carlos Pace , São Paulo",,24 October
2004,Sources:,,,,
2005,1,Australian Grand Prix,"Albert Park Circuit , Melbourne",,6 March
2005,2,Malaysian Grand Prix,"Sepang International Circuit , Kuala Lumpur",,20 March
2005,3,Bahrain Grand Prix,"Bahrain International Circuit , Sakhir",,3 April
2005,4,San Marino Grand Prix,"Autodromo Enzo e Dino Ferrari , Imola",,24 April
2005,5,Spanish Grand Prix,"Circuit de Catalunya , Montmeló",,8 May
2005,6,Monaco Grand Prix,"Circuit de Monaco , Monte-Carlo",,22 May
2005,7,European Grand Prix,"Nürburgring , Nürburg",,29 May
2005,8,Canadian Grand Prix,"Circuit Gilles Villeneuve , Montreal",,12 June
2005,9,United States Grand Prix,"Indianapolis Motor Speedway , Speedway",,19 June
2005,10,French Grand Prix,"Circuit de Nevers Magny-Cours , Magny-Cours",,3 July
2005,11,British Grand Prix,"Silverstone Circuit , Silverstone",,10 July
2005,12,German Grand Prix,"Hockenheimring , Hockenheim",,24 July
2005,13,Hungarian Grand Prix,"Hungaroring , Mogyoród",,31 July
2005,14,Turkish Grand Prix,"Istanbul Park , Istanbul",,21 August
2005,15,Italian Grand Prix,"Autodromo Nazionale di Monza , Monza",,4 September
2005,16,Belgian Grand Prix,"Circuit de Spa-Francorchamps , Stavelot",,11 September
2005,17,Brazilian Grand Prix,"Autódromo José Carlos Pace , São Paulo",,25 September
2005,18,Japanese Grand Prix,"Suzuka Circuit , Suzuka",,9 October
2005,19,Chinese Grand Prix,"Shanghai International Circuit , Shanghai",,16 October
2005,Sources:,,,,
2006,1,Bahrain Grand Prix,"Bahrain International Circuit , Sakhir",,12 March
2006,2,Malaysian Grand Prix,"Sepang International Circuit , Kuala Lumpur",,19 March
2006,3,Australian Grand Prix,"Albert Park Circuit , Melbourne",,2 April
2006,4,San Marino Grand Prix,"Autodromo Enzo e Dino Ferrari , Imola",,23 April
2006,5,European Grand Prix,"Nürburgring , Nürburg",,7 May
2006,6,Spanish Grand Prix,"Circuit de Catalunya , Montmeló",,14 May
2006,7,Monaco Grand Prix,"Circuit de Monaco , Monte-Carlo",,28 May
2006,8,British Grand Prix,"Silverstone Circuit , Silverstone",,11 June
2006,9,Canadian Grand Prix,"Circuit Gilles Villeneuve , Montreal",,25 June
2006,10,United States Grand Prix,"Indianapolis Motor Speedway , Speedway",,2 July
2006,11,French Grand Prix,"Circuit de Nevers Magny-Cours , Magny-Cours",,16 July
2006,12,German Grand Prix,"Hockenheimring , Hockenheim",,30 July
2006,13,Hungarian Grand Prix,"Hungaroring , Mogyoród",,6 August
2006,14,Turkish Grand Prix,"Istanbul Park , Istanbul",,27 August
2006,15,Italian Grand Prix,"Autodromo Nazionale di Monza , Monza",,10 September
2006,16,Chinese Grand Prix,"Shanghai International Circuit , Shanghai",,1 October
2006,17,Japanese Grand Prix,"Suzuka Circuit , Suzuka",,8 October
2006,18,Brazilian Grand Prix,"Autódromo José Carlos Pace , São Paulo",,22 October
2006,Sources:,,,,
2007,1,Australian Grand Prix,"Albert Park Circuit , Melbourne",,18 March
2007,2,Malaysian Grand Prix,"Sepang International Circuit , Kuala Lumpur",,8 April
2007,3,Bahrain Grand Prix,"Bahrain International Circuit , Sakhir",,15 April
2007,4,Spanish Grand Prix,"Circuit de Catalunya , Montmeló",,13 May
2007,5,Monaco Grand Prix,"Circuit de Monaco , Monte-Carlo",,27 May
2007,6,Canadian Grand Prix,"Circuit Gilles Villeneuve , Montreal",,10 June
2007,7,United States Grand Prix,"Indianapolis Motor Speedway , Speedway",,17 June
2007,8,French Grand Prix,"Circuit de Nevers Magny-Cours , Magny-Cours",,1 July
2007,9,British Grand Prix,"Silverstone Circuit , Silverstone",,8 July
2007,10,European Grand Prix,"Nürburgring , Nürburg",,22 July
2007,11,Hungarian Grand Prix,"Hungaroring , Mogyoród",,5 August
2007,12,Turkish Grand Prix,"Istanbul Park , Istanbul",,26 August
2007,13,Italian Grand Prix,"Autodromo Nazionale di Monza , Monza",,9 September
2007,14,Belgian Grand Prix,"Circuit de Spa-Francorchamps , Stavelot",,16 September
2007,15,Japanese Grand Prix,"Fuji Speedway , Oyama, Shizuoka",,30 September
2007,16,Chinese Grand Prix,"Shanghai International Circuit , Shanghai",,7 October
2007,17,Brazilian Grand Prix,"Autódromo José Carlos Pace , São Paulo",,21 October
2007,Sources:,,,,
2008,1,Australian Grand Prix,"Albert Park Circuit , Melbourne",,16 March
2008,2,Malaysian Grand Prix,"Sepang International Circuit , Kuala Lumpur",,23 March
2008,3,Bahrain Grand Prix,"Bahrain International Circuit , Sakhir",,6 April
2008,4,Spanish Grand Prix,"Circuit de Catalunya , Montmeló",,27 April
2008,5,Turkish Grand Prix,"Istanbul Park , Istanbul",,11 May
2008,6,Monaco Grand Prix,"Circuit de Monaco , Monte Carlo",,25 May
2008,7,Canadian Grand Prix,"Circuit Gilles Villeneuve , Montreal",,8 June
2008,8,French Grand Prix,"Circuit de Nevers Magny-Cours , Magny-Cours",,22 June
2008,9,British Grand Prix,"Silverstone Circuit , Silverstone",,6 July
2008,10,German Grand Prix,"Hockenheimring , Hockenheim",,20 July
2008,11,Hungarian Grand Prix,"Hungaroring , Mogyoród",,3 August
2008,12,European Grand Prix,"Valencia Street Circuit , Valencia",,24 August
2008,13,Belgian Grand Prix,"Circuit de Spa-Francorchamps , Stavelot",,7 September
2008,14,Italian Grand Prix,"Autodromo Nazionale di Monza , Monza",,14 September
2008,15,Singapore Grand Prix,"Marina Bay Street Circuit , Singapore",,28 September
2008,16,Japanese Grand Prix,"Fuji Speedway , Oyama, Shizuoka",,12 October
2008,17,Chinese Grand Prix,"Shanghai International Circuit , Shanghai",,19 October
2008,18,Brazilian Grand Prix,"Autódromo José Carlos Pace , São Paulo",,2 November
2008,Sources:,,,,
2009,1,Australian Grand Prix,"Albert Park Circuit , Melbourne",,29 March
2009,2,Malaysian Grand Prix,"Sepang International Circuit , Selangor",,5 April
2009,3,Chinese Grand Prix,"Shanghai International Circuit , Shanghai",,19 April
2009,4,Bahrain Grand Prix,"Bahrain International Circuit , Sakhir",,26 April
2009,5,Spanish Grand Prix,"Circuit de Catalunya , Montmeló",,10 May
2009,6,Monaco Grand Prix,"Circuit de Monaco , Monte Carlo",,24 May
2009,7,Turkish Grand Prix,"Istanbul Park , Istanbul",,7 June
2009,8,British Grand Prix,"Silverstone Circuit , Silverstone",,21 June
2009,9,German Grand Prix,"Nürburgring , Nürburg",,12 July
2009,10,Hungarian Grand Prix,"Hungaroring , Mogyoród",,26 July
2009,11,European Grand Prix,"Valencia Street Circuit , Valencia",,23 August
2009,12,Belgian Grand Prix,"Circuit de Spa-Francorchamps , Stavelot",,30 August
2009,13,Italian Grand Prix,"Autodromo Nazionale di Monza , Monza",,13 September
2009,14,Singapore Grand Prix,"Marina Bay Street Circuit , Singapore",,27 September
2009,15,Japanese Grand Prix,"Suzuka Circuit , Suzuka",,4 October
2009,16,Brazilian Grand Prix,"Autódromo José Carlos Pace , São Paulo",,18 October
2009,17,Abu Dhabi Grand Prix,"Yas Marina Circuit , Abu Dhabi",,1 November
2009,Sources:,,,,
2010,1,Bahrain Grand Prix,"Bahrain International Circuit , Sakhir",,14 March
2010,2,Australian Grand Prix,"Albert Park Circuit , Melbourne",,28 March
2010,3,Malaysian Grand Prix,"Sepang International Circuit , Kuala Lumpur",,4 April
2010,4,Chinese Grand Prix,"Shanghai International Circuit , Shanghai",,18 April
2010,5,Spanish Grand Prix,"Circuit de Catalunya , Montmeló",,9 May
2010,6,Monaco Grand Prix,"Circuit de Monaco , Monte Carlo",,16 May
2010,7,Turkish Grand Prix,"Istanbul Park , Istanbul",,30 May
2010,8,Canadian Grand Prix,"Circuit Gilles Villeneuve , Montreal",,13 June
2010,9,European Grand Prix,"Valencia Street Circuit , Valencia",,27 June
2010,10,British Grand Prix,"Silverstone Circuit , Silverstone",,11 July
2010,11,German Grand Prix,"Hockenheimring , Hockenheim",,25 July
2010,12,Hungarian Grand Prix,"Hungaroring , Mogyoród",,1 August
2010,13,Belgian Grand Prix,"Circuit de Spa-Francorchamps , Stavelot",,29 August
2010,14,Italian Grand Prix,"Autodromo Nazionale di Monza , Monza",,12 September
2010,15,Singapore Grand Prix,"Marina Bay Street Circuit , Singapore",,26 September
2010,16,Japanese Grand Prix,"Suzuka Circuit , Suzuka",,10 October
2010,17,Korean Grand Prix,"Korea International Circuit , Yeongam",,24 October
2010,18,Brazilian Grand Prix,"Autódromo José Carlos Pace , São Paulo",,7 November
2010,19,Abu Dhabi Grand Prix,"Yas Marina Circuit , Abu Dhabi",,14 November
2010,Source:,,,,
2011,1,Australian Grand Prix,"Albert Park Circuit , Melbourne",,27 March
2011,2,Malaysian Grand Prix,"Sepang International Circuit , Kuala Lumpur",,10 April
2011,3,Chinese Grand Prix,"Shanghai International Circuit , Shanghai",,17 April
2011,4,Turkish Grand Prix,"Istanbul Park , Istanbul",,8 May
2011,5,Spanish Grand Prix,"Circuit de Catalunya , Montmeló",,22 May
2011,6,Monaco Grand Prix,"Circuit de Monaco , Monte Carlo",,29 May
2011,7,Canadian Grand Prix,"Circuit Gilles Villeneuve , Montreal",,12 June
2011,8,European Grand Prix,"Valencia Street Circuit , Valencia",,26 June
2011,9,British Grand Prix,"Silverstone Circuit , Silverstone",,10 July
2011,10,German Grand Prix,"Nürburgring , Nürburg",,24 July
2011,11,Hungarian Grand Prix,"Hungaroring , Mogyoród",,31 July
2011,12,Belgian Grand Prix,"Circuit de Spa-Francorchamps , Stavelot",,28 August
2011,13,Italian Grand Prix,"Autodromo Nazionale Monza , Monza",,11 September
2011,14,Singapore Grand Prix,"Marina Bay Street Circuit , Singapore",,25 September
2011,15,Japanese Grand Prix,"Suzuka Circuit , Suzuka",,9 October
2011,16,Korean Grand Prix,"Korea International Circuit , Yeongam",,16 October
2011,17,Indian Grand Prix,"Buddh International Circuit , Greater Noida",,30 October
2011,18,Abu Dhabi Grand Prix,"Yas Marina Circuit , Abu Dhabi",,13 November
2011,19,Brazilian Grand Prix,"Autódromo José Carlos Pace , São Paulo",,27 November
2011,Source:,,,,
2012,1,Australian Grand Prix,"Albert Park Circuit , Melbourne",,18 March
2012,2,Malaysian Grand Prix,"Sepang International Circuit , Kuala Lumpur",,25 March
2012,3,Chinese Grand Prix,"Shanghai International Circuit , Shanghai",,15 April
2012,4,Bahrain Grand Prix,"Bahrain International Circuit , Sakhir",,22 April
2012,5,Spanish Grand Prix,"Circuit de Catalunya , Montmeló",,13 May
2012,6,Monaco Grand Prix,"Circuit de Monaco , Monte Carlo",,27 May
2012,7,Canadian Grand Prix,"Circuit Gilles Villeneuve , Montreal",,10 June
2012,8,European Grand Prix,"Valencia Street Circuit , Valencia",,24 June
2012,9,British Grand Prix,"Silverstone Circuit , Silverstone",,8 July
2012,10,German Grand Prix,"Hockenheimring , Hockenheim",,22 July
2012,11,Hungarian Grand Prix,"Hungaroring , Mogyoród",,29 July
2012,12,Belgian Grand Prix,"Circuit de Spa-Francorchamps , Stavelot",,2 September
2012,13,Italian Grand Prix,"Autodromo Nazionale Monza , Monza",,9 September
2012,14,Singapore Grand Prix,"Marina Bay Street Circuit , Singapore",,23 September
2012,15,Japanese Grand Prix,"Suzuka Circuit , Suzuka",,7 October
2012,16,Korean Grand Prix,"Korea International Circuit , Yeongam",,14 October
2012,17,Indian Grand Prix,"Buddh International Circuit , Greater Noida",,28 October
2012,18,Abu Dhabi Grand Prix,"Yas Marina Circuit , Abu Dhabi",,4 November
2012,19,United States Grand Prix,"Circuit of the Americas , Austin, Texas",,18 November
2012,20,Brazilian Grand Prix,"Autódromo José Carlos Pace , São Paulo",,25 November
2012,Source:,,,,
2013,1,Australian Grand Prix,"Albert Park Circuit , Melbourne",,17 March
2013,2,Malaysian Grand Prix,"Sepang International Circuit , Kuala Lumpur",,24 March
2013,3,Chinese Grand Prix,"Shanghai International Circuit , Shanghai",,14 April
2013,4,Bahrain Grand Prix,"Bahrain International Circuit , Sakhir",,21 April
2013,5,Spanish Grand Prix,"Circuit de Catalunya , Montmeló",,12 May
2013,6,Monaco Grand Prix,"Circuit de Monaco , Monte Carlo",,26 May
2013,7,Canadian Grand Prix,"Circuit Gilles Villeneuve , Montreal",,9 June
2013,8,British Grand Prix,"Silverstone Circuit , Silverstone",,30 June
2013,9,German Grand Prix,"Nürburgring , Nürburg",,7 July
2013,10,Hungarian Grand Prix,"Hungaroring , Mogyoród",,28 July
2013,11,Belgian Grand Prix,"Circuit de Spa-Francorchamps , Stavelot",,25 August
2013,12,Italian Grand Prix,"Autodromo Nazionale Monza , Monza",,8 September
2013,13,Singapore Grand Prix,"Marina Bay Street Circuit , Singapore",,22 September
2013,14,Korean Grand Prix,"Korea International Circuit , Yeongam",,6 October
2013,15,Japanese Grand Prix,"Suzuka Circuit , Suzuka",,13 October
2013,16,Indian Grand Prix,"Buddh International Circuit , Greater Noida",,27 October
2013,17,Abu Dhabi Grand Prix,"Yas Marina Circuit , Abu Dhabi",,3 November
2013,18,United States Grand Prix,"Circuit of the Americas , Austin, Texas",,17 November
2013,19,Brazilian Grand Prix,"Autódromo José Carlos Pace , São Paulo",,24 November
2013,Sources:,,,,
2014,1,Australian Grand Prix,"Albert Park Circuit , Melbourne",,16 March
2014,2,Malaysian Grand Prix,"Sepang International Circuit , Kuala Lumpur",,30 March
2014,3,Bahrain Grand Prix,"Bahrain International Circuit , Sakhir",,6 April
2014,4,Chinese Grand Prix,"Shanghai International Circuit , Shanghai",,20 April
2014,5,Spanish Grand Prix,"Circuit de Barcelona-Catalunya , Montmeló",,11 May
2014,6,Monaco Grand Prix,"Circuit de Monaco , Monte Carlo",,25 May
2014,7,Canadian Grand Prix,"Circuit Gilles Villeneuve , Montreal",,8 June
2014,8,Austrian Grand Prix,"Red Bull Ring , Spielberg",,22 June
2014,9,British Grand Prix,"Silverstone Circuit , Silverstone",,6 July
2014,10,German Grand Prix,"Hockenheimring , Hockenheim",,20 July
2014,11,Hungarian Grand Prix,"Hungaroring , Mogyoród",,27 July
2014,12,Belgian Grand Prix,"Circuit de Spa-Francorchamps , Stavelot",,24 August
2014,13,Italian Grand Prix,"Autodromo Nazionale di Monza , Monza",,7 September
2014,14,Singapore Grand Prix,"Marina Bay Street Circuit , Singapore",,21 September
2014,15,Japanese Grand Prix,"Suzuka Circuit , Suzuka",,5 October
2014,16,Russian Grand Prix,"Sochi Autodrom , Sochi",,12 October
2014,17,United States Grand Prix,"Circuit of the Americas , Austin , Texas",,2 November
2014,18,Brazilian Grand Prix,"Autódromo José Carlos Pace , São Paulo",,9 November
2014,19,Abu Dhabi Grand Prix,"Yas Marina Circuit , Abu Dhabi",,23 November
2014,Sources:,,,,
2015,1,Australian Grand Prix,"Albert Park Circuit , Melbourne",,15 March
2015,2,Malaysian Grand Prix,"Sepang International Circuit , Kuala Lumpur",,29 March
2015,3,Chinese Grand Prix,"Shanghai International Circuit , Shanghai",,12 April
2015,4,Bahrain Grand Prix,"Bahrain International Circuit , Sakhir",,19 April
2015,5,Spanish Grand Prix,"Circuit de Barcelona-Catalunya , Montmeló",,10 May
2015,6,Monaco Grand Prix,"Circuit de Monaco , Monte Carlo",,24 May
2015,7,Canadian Grand Prix,"Circuit Gilles Villeneuve , Montreal",,7 June
2015,8,Austrian Grand Prix,"Red Bull Ring , Spielberg",,21 June
2015,9,British Grand Prix,"Silverstone Circuit , Silverstone",,5 July
2015,10,Hungarian Grand Prix,"Hungaroring , Mogyoród",,26 July
2015,11,Belgian Grand Prix,"Circuit de Spa-Francorchamps , Stavelot",,23 August
2015,12,Italian Grand Prix,"Autodromo Nazionale di Monza , Monza",,6 September
2015,13,Singapore Grand Prix,"Marina Bay Street Circuit , Singapore",,20 September
2015,14,Japanese Grand Prix,"Suzuka Circuit , Suzuka",,27 September
2015,15,Russian Grand Prix,"Sochi Autodrom , Sochi",,11 October
2015,16,United States Grand Prix,"Circuit of the Americas , Austin, Texas",,25 October
2015,17,Mexican Grand Prix,"Autódromo Hermanos Rodríguez , Mexico City",,1 November
2015,18,Brazilian Grand Prix,"Autódromo José Carlos Pace , São Paulo",,15 November
2015,19,Abu Dhabi Grand Prix,"Yas Marina Circuit , Abu Dhabi",,29 November
2015,Sources:,,,,
2016,1,Australian Grand Prix,"Albert Park Circuit , Melbourne",,20 March
2016,2,Bahrain Grand Prix,"Bahrain International Circuit , Sakhir",,3 April
2016,3,Chinese Grand Prix,"Shanghai International Circuit , Shanghai",,17 April
2016,4,Russian Grand Prix,"Sochi Autodrom , Sochi",,1 May
2016,5,Spanish Grand Prix,"Circuit de Barcelona-Catalunya , Montmeló",,15 May
2016,6,Monaco Grand Prix,"Circuit de Monaco , Monte Carlo",,29 May
2016,7,Canadian Grand Prix,"Circuit Gilles Villeneuve , Montreal",,12 June
2016,8,European Grand Prix,"Baku City Circuit , Baku",,19 June
2016,9,Austrian Grand Prix,"Red Bull Ring , Spielberg",,3 July
2016,10,British Grand Prix,"Silverstone Circuit , Silverstone",,10 July
2016,11,Hungarian Grand Prix,"Hungaroring , Mogyoród",,24 July
2016,12,German Grand Prix,"Hockenheimring , Hockenheim",,31 July
2016,13,Belgian Grand Prix,"Circuit de Spa-Francorchamps , Stavelot",,28 August
2016,14,Italian Grand Prix,"Autodromo Nazionale di Monza , Monza",,4 September
2016,15,Singapore Grand Prix,"Marina Bay Street Circuit , Singapore",,18 September
2016,16,Malaysian Grand Prix,"Sepang International Circuit , Kuala Lumpur",,2 October
2016,17,Japanese Grand Prix,"Suzuka International Racing Course , Suzuka",,9 October
2016,18,United States Grand Prix,"Circuit of the Americas , Austin, Texas",,23 October
2016,19,Mexican Grand Prix,"Autódromo Hermanos Rodríguez , Mexico City",,30 October
2016,20,Brazilian Grand Prix,"Autódromo José Carlos Pace , São Paulo",,13 November
2016,21,Abu Dhabi Grand Prix,"Yas Marina Circuit , Abu Dhabi",,27 November
2016,Source:,,,,
2017,1,Australian Grand Prix,"Albert Park Circuit , Melbourne",,26 March
2017,2,Chinese Grand Prix,"Shanghai International Circuit , Shanghai",,9 April
2017,3,Bahrain Grand Prix,"Bahrain International Circuit , Sakhir",,16 April
2017,4,Russian Grand Prix,"Sochi Autodrom , Sochi",,30 April
2017,5,Spanish Grand Prix,"Circuit de Barcelona-Catalunya , Montmeló",,14 May
2017,6,Monaco Grand Prix,"Circuit de Monaco , Monte Carlo",,28 May
2017,7,Canadian Grand Prix,"Circuit Gilles Villeneuve , Montreal",,11 June
2017,8,Azerbaijan Grand Prix,"Baku City Circuit , Baku",,25 June
2017,9,Austrian Grand Prix,"Red Bull Ring , Spielberg",,9 July
2017,10,British Grand Prix,"Silverstone Circuit , Silverstone",,16 July
2017,11,Hungarian Grand Prix,"Hungaroring , Mogyoród",,30 July
2017,12,Belgian Grand Prix,"Circuit de Spa-Francorchamps , Stavelot",,27 August
2017,13,Italian Grand Prix,"Autodromo Nazionale di Monza , Monza",,3 September
2017,14,Singapore Grand Prix,"Marina Bay Street Circuit , Singapore",,17 September
2017,15,Malaysian Grand Prix,"Sepang International Circuit , Kuala Lumpur",,1 October
2017,16,Japanese Grand Prix,"Suzuka International Racing Course , Suzuka",,8 October
2017,17,United States Grand Prix,"Circuit of the Americas , Austin, Texas",,22 October
2017,18,Mexican Grand Prix,"Autódromo Hermanos Rodríguez , Mexico City",,29 October
2017,19,Brazilian Grand Prix,"Autódromo José Carlos Pace , São Paulo",,12 November
2017,20,Abu Dhabi Grand Prix,"Yas Marina Circuit , Abu Dhabi",,26 November
2017,Source:,,,,
2018,1,Australian Grand Prix,"Albert Park Circuit , Melbourne",,25 March
2018,2,Bahrain Grand Prix,"Bahrain International Circuit , Sakhir",,8 April
2018,3,Chinese Grand Prix,"Shanghai International Circuit , Shanghai",,15 April
2018,4,Azerbaijan Grand Prix,"Baku City Circuit , Baku",,29 April
2018,5,Spanish Grand Prix,"Circuit de Barcelona-Catalunya , Montmeló",,13 May
2018,6,Monaco Grand Prix,"Circuit de Monaco , Monte Carlo",,27 May
2018,7,Canadian Grand Prix,"Circuit Gilles Villeneuve , Montreal",,10 June
2018,8,French Grand Prix,"Circuit Paul Ricard , Le Castellet",,24 June
2018,9,Austrian Grand Prix,"Red Bull Ring , Spielberg",,1 July
2018,10,British Grand Prix,"Silverstone Circuit , Silverstone",,8 July
2018,11,German Grand Prix,"Hockenheimring , Hockenheim",,22 July
2018,12,Hungarian Grand Prix,"Hungaroring , Mogyoród",,29 July
2018,13,Belgian Grand Prix,"Circuit de Spa-Francorchamps , Stavelot",,26 August
2018,14,Italian Grand Prix,"Autodromo Nazionale di Monza , Monza",,2 September
2018,15,Singapore Grand Prix,"Marina Bay Street Circuit , Singapore",,16 September
2018,16,Russian Grand Prix,"Sochi Autodrom , Sochi",,30 September
2018,17,Japanese Grand Prix,"Suzuka International Racing Course , Suzuka",,7 October
2018,18,United States Grand Prix,"Circuit of the Americas , Austin, Texas",,21 October
2018,19,Mexican Grand Prix,"Autódromo Hermanos Rodríguez , Mexico City",,28 October
2018,20,Brazilian Grand Prix,"Autódromo José Carlos Pace , São Paulo",,11 November
2018,21,Abu Dhabi Grand Prix,"Yas Marina Circuit , Abu Dhabi",,25 November
2018,Source:,,,,
2019,1,Australian Grand Prix,"Albert Park Circuit , Melbourne",,17 March
2019,2,Bahrain Grand Prix,"Bahrain International Circuit , Sakhir",,31 March
2019,3,Chinese Grand Prix,"Shanghai International Circuit , Shanghai",,14 April
2019,4,Azerbaijan Grand Prix,"Baku City Circuit , Baku",,28 April
2019,5,Spanish Grand Prix,"Circuit de Barcelona-Catalunya , Montmeló",,12 May
2019,6,Monaco Grand Prix,"Circuit de Monaco , Monte Carlo",,26 May
2019,7,Canadian Grand Prix,"Circuit Gilles Villeneuve , Montréal",,9 June
2019,8,French Grand Prix,"Circuit Paul Ricard , Le Castellet",,23 June
2019,9,Austrian Grand Prix,"Red Bull Ring , Spielberg",,30 June
2019,10,British Grand Prix,"Silverstone Circuit , Silverstone",,14 July
2019,11,German Grand Prix,"Hockenheimring , Hockenheim",,28 July
2019,12,Hungarian Grand Prix,"Hungaroring , Mogyoród",,4 August
2019,13,Belgian Grand Prix,"Circuit de Spa-Francorchamps , Stavelot",,1 September
2019,14,Italian Grand Prix,"Autodromo Nazionale di Monza , Monza",,8 September
2019,15,Singapore Grand Prix,"Marina Bay Street Circuit , Singapore",,22 September
2019,16,Russian Grand Prix,"Sochi Autodrom , Sochi",,29 September
2019,17,Japanese Grand Prix,"Suzuka International Racing Course , Suzuka",,13 October
2019,18,Mexican Grand Prix,"Autódromo Hermanos Rodríguez , Mexico City",,27 October
2019,19,United States Grand Prix,"Circuit of the Americas , Austin, Texas",,3 November
2019,20,Brazilian Grand Prix,"Autódromo José Carlos Pace , São Paulo",,17 November
2019,21,Abu Dhabi Grand Prix,"Yas Marina Circuit , Abu Dhabi",,1 December
2019,Sources:,,,,
2020,1,Austrian Grand Prix,"Red Bull Ring , Spielberg",,5 July
2020,2,Styrian Grand Prix,"Red Bull Ring , Spielberg",,12 July
2020,3,Hungarian Grand Prix,"Hungaroring , Mogyoród",,19 July
2020,4,British Grand Prix,"Silverstone Circuit , Silverstone",,2 August
2020,5,70th Anniversary Grand Prix,"Silverstone Circuit , Silverstone",,9 August
2020,6,Spanish Grand Prix,"Circuit de Barcelona-Catalunya , Montmeló",,16 August
2020,7,Belgian Grand Prix,"Circuit de Spa-Francorchamps , Stavelot",,30 August
2020,8,Italian Grand Prix,"Autodromo Nazionale di Monza , Monza",,6 September
2020,9,Tuscan Grand Prix,"Autodromo Internazionale del Mugello , Scarperia e San Piero",,13 September
2020,10,Russian Grand Prix,"Sochi Autodrom , Sochi",,27 September
2020,11,Eifel Grand Prix,"Nürburgring , Nürburg",,11 October
2020,12,Portuguese Grand Prix,"Autódromo Internacional do Algarve , Portimão",,25 October
2020,13,Emilia Romagna Grand Prix,"Autodromo Internazionale Enzo e Dino Ferrari , Imola",,1 November
2020,14,Turkish Grand Prix,"Istanbul Park , Tuzla",,15 November
2020,15,Bahrain Grand Prix,"Bahrain International Circuit , Sakhir",,29 November
2020,16,Sakhir Grand Prix,"Bahrain International Circuit , Sakhir",,6 December
2020,17,Abu Dhabi Grand Prix,"Yas Marina Circuit , Abu Dhabi",,13 December
2020,Sources:,,,,
2021,1,Bahrain Grand Prix,"Bahrain International Circuit , Sakhir",,
2021,2,Emilia Romagna Grand Prix,"Imola Circuit , Imola",,
2021,3,Portuguese Grand Prix,"Algarve International Circuit , Portimão",,
2021,4,Spanish Grand Prix,"Circuit de Barcelona-Catalunya , Montmeló",,
2021,5,Monaco Grand Prix,"Circuit de Monaco , Monte Carlo",,
2021,6,Azerbaijan Grand Prix,"Baku City Circuit , Baku",,
2021,7,French Grand Prix,"Circuit Paul Ricard , Le Castellet",,
2021,8,Styrian Grand Prix,"Red Bull Ring , Spielberg",,
2021,9,Austrian Grand Prix,"Red Bull Ring , Spielberg",,
2021,10,British Grand Prix,"Silverstone Circuit , Silverstone",,
2021,11,Hungarian Grand Prix,"Hungaroring , Mogyoród",,
2021,12,Belgian Grand Prix,"Circuit de Spa-Francorchamps , Stavelot",,
2021,13,Dutch Grand Prix,"Circuit Zandvoort , Zandvoort",,
2021,14,Italian Grand Prix,"Monza Circuit , Monza",,
2021,15,Russian Grand Prix,"Sochi Autodrom , Sochi",,
2021,16,Turkish Grand Prix,"Istanbul Park , Tuzla",,
2021,17,United States Grand Prix,"Circuit of the Americas , Austin, Texas",,
2021,18,Mexico City Grand Prix,"Autódromo Hermanos Rodríguez , Mexico City",,
2021,19,São Paulo Grand Prix,"Interlagos Circuit , São Paulo",,
2021,20,Qatar Grand Prix,"Lusail International Circuit , Lusail",,
2021,21,Saudi Arabian Grand Prix,"Jeddah Corniche Circuit , Jeddah",,
2021,22,Abu Dhabi Grand Prix,"Yas Marina Circuit , Abu Dhabi",,
2021,Sources:,,,,
2022,1,Bahrain Grand Prix,"Bahrain International Circuit , Sakhir",,
2022,2,Saudi Arabian Grand Prix,"Jeddah Corniche Circuit , Jeddah",,
2022,3,Australian Grand Prix,"Albert Park Circuit , Melbourne",,
2022,4,Emilia Romagna Grand Prix,"Imola Circuit , Imola",,
2022,5,Miami Grand Prix,"Miami International Autodrome , Miami Gardens, Florida",,
2022,6,Spanish Grand Prix,"Circuit de Barcelona-Catalunya , Montmeló",,
2022,7,Monaco Grand Prix,"Circuit de Monaco , Monaco",,
2022,8,Azerbaijan Grand Prix,"Baku City Circuit , Baku",,
2022,9,Canadian Grand Prix,"Circuit Gilles Villeneuve , Montreal",,
2022,10,British Grand Prix,"Silverstone Circuit , Silverstone",,
2022,11,Austrian Grand Prix,"Red Bull Ring , Spielberg",,
2022,12,French Grand Prix,"Circuit Paul Ricard , Le Castellet",,
2022,13,Hungarian Grand Prix,"Hungaroring , Mogyoród",,
2022,14,Belgian Grand Prix,"Circuit de Spa-Francorchamps , Stavelot",,
2022,15,Dutch Grand Prix,"Circuit Zandvoort , Zandvoort",,
2022,16,Italian Grand Prix,"Monza Circuit , Monza",,
2022,17,Singapore Grand Prix,"Marina Bay Street Circuit , Singapore",,
2022,18,Japanese Grand Prix,"Suzuka International Racing Course , Suzuka",,
2022,19,United States Grand Prix,"Circuit of the Americas , Austin, Texas",,
2022,20,Mexico City Grand Prix,"Autódromo Hermanos Rodríguez , Mexico City",,
2022,21,São Paulo Grand Prix,"Interlagos Circuit , São Paulo",,
2022,22,Abu Dhabi Grand Prix,"Yas Marina Circuit , Abu Dhabi",,
2022,Sources:,,,,
2023,1,Bahrain Grand Prix,"Bahrain International Circuit , Sakhir",,
2023,2,Saudi Arabian Grand Prix,"Jeddah Corniche Circuit , Jeddah",,
2023,3,Australian Grand Prix,"Albert Park Circuit , Melbourne",,
2023,4,Azerbaijan Grand Prix,"Baku City Circuit , Baku",,
2023,5,Miami Grand Prix,"Miami International Autodrome , Miami Gardens, Florida",,
2023,6,Monaco Grand Prix,"Circuit de Monaco , Monaco",,
2023,7,Spanish Grand Prix,"Circuit de Barcelona-Catalunya , Montmeló",,
2023,8,Canadian Grand Prix,"Circuit Gilles Villeneuve , Montreal",,
2023,9,Austrian Grand Prix,"Red Bull Ring , Spielberg",,
2023,10,British Grand Prix,"Silverstone Circuit , Silverstone",,
2023,11,Hungarian Grand Prix,"Hungaroring , Mogyoród",,
2023,12,Belgian Grand Prix,"Circuit de Spa-Francorchamps , Stavelot",,
2023,13,Dutch Grand Prix,"Circuit Zandvoort , Zandvoort",,
2023,14,Italian Grand Prix,"Monza Circuit , Monza",,
2023,15,Singapore Grand Prix,"Marina Bay Street Circuit , Singapore",,
2023,16,Japanese Grand Prix,"Suzuka International Racing Course , Suzuka",,
2023,17,Qatar Grand Prix,"Lusail International Circuit , Lusail",,
2023,18,United States Grand Prix,"Circuit of the Americas , Austin, Texas",,
2023,19,Mexico City Grand Prix,"Autódromo Hermanos Rodríguez , Mexico City",,
2023,20,São Paulo Grand Prix,"Interlagos Circuit , São Paulo",,
2023,21,Las Vegas Grand Prix,"Las Vegas Strip Circuit , Paradise, Nevada",,
2023,22,Abu Dhabi Grand Prix,"Yas Marina Circuit , Abu Dhabi",,
2023,Sources:,,,,
2024,1,Bahrain Grand Prix,"Bahrain International Circuit , Sakhir",,
2024,2,Saudi Arabian Grand Prix,"Jeddah Corniche Circuit , Jeddah",,
2024,3,Australian Grand Prix,"Albert Park Circuit , Melbourne",,
2024,4,Japanese Grand Prix,"Suzuka International Racing Course , Suzuka",,
2024,5,Chinese Grand Prix,"Shanghai International Circuit , Shanghai",,
2024,6,Miami Grand Prix,"Miami International Autodrome , Miami Gardens, Florida",,
2024,7,Emilia Romagna Grand Prix,"Imola Circuit , Imola",,
2024,8,Monaco Grand Prix,"Circuit de Monaco , Monaco",,
2024,9,Canadian Grand Prix,"Circuit Gilles Villeneuve , Montreal",,
2024,10,Spanish Grand Prix,"Circuit de Barcelona-Catalunya , Montmeló",,
2024,11,Austrian Grand Prix,"Red Bull Ring , Spielberg",,
2024,12,British Grand Prix,"Silverstone Circuit , Silverstone",,
2024,13,Hungarian Grand Prix,"Hungaroring , Mogyoród",,
2024,14,Belgian Grand Prix,"Circuit de Spa-Francorchamps , Stavelot",,
2024,15,Dutch Grand Prix,"Circuit Zandvoort , Zandvoort",,
2024,16,Italian Grand Prix,"Monza Circuit , Monza",,
2024,17,Azerbaijan Grand Prix,"Baku City Circuit , Baku",,
2024,18,Singapore Grand Prix,"Marina Bay Street Circuit , Singapore",,
2024,19,United States Grand Prix,"Circuit of the Americas , Austin, Texas",,
2024,20,Mexico City Grand Prix,"Autódromo Hermanos Rodríguez , Mexico City",,
2024,21,São Paulo Grand Prix,"Interlagos Circuit , São Paulo",,
2024,22,Las Vegas Grand Prix,"Las Vegas Strip Circuit , Paradise, Nevada",,
2024,23,Qatar Grand Prix,"Lusail International Circuit , Lusail",,
2024,24,Abu Dhabi Grand Prix,"Yas Marina Circuit , Abu Dhabi",,
2024,Sources:,,,,
2025,1,Australian Grand Prix,"Albert Park Circuit , Melbourne",,
2025,2,Chinese Grand Prix,"Shanghai International Circuit , Shanghai",,
2025,3,Japanese Grand Prix,"Suzuka Circuit , Suzuka",,
2025,4,Bahrain Grand Prix,"Bahrain International Circuit , Sakhir",,
2025,5,Saudi Arabian Grand Prix,"Jeddah Corniche Circuit , Jeddah",,
2025,6,Miami Grand Prix,"Miami International Autodrome , Miami Gardens, Florida",,
2025,7,Emilia Romagna Grand Prix,"Imola Circuit , Imola",,
2025,8,Monaco Grand Prix,"Circuit de Monaco , Monaco",,
2025,9,Spanish Grand Prix,"Circuit de Barcelona-Catalunya , Montmeló",,
2025,10,Canadian Grand Prix,"Circuit Gilles Villeneuve , Montreal",,
2025,11,Austrian Grand Prix,"Red Bull Ring , Spielberg",,
2025,12,British Grand Prix,"Silverstone Circuit , Silverstone",,
2025,13,Belgian Grand Prix,"Circuit de Spa-Francorchamps , Stavelot",,
2025,14,Hungarian Grand Prix,"Hungaroring , Mogyoród",,
2025,15,Dutch Grand Prix,"Circuit Zandvoort , Zandvoort",,
2025,16,Italian Grand Prix,"Monza Circuit , Monza",,
2025,17,Azerbaijan Grand Prix,"Baku City Circuit , Baku",,
2025,18,Singapore Grand Prix,"Marina Bay Street Circuit , Singapore",,
2025,19,United States Grand Prix,"Circuit of the Americas , Austin, Texas",,
2025,20,Mexico City Grand Prix,"Autódromo Hermanos Rodríguez , Mexico City",,
2025,21,São Paulo Grand Prix,"Interlagos Circuit , São Paulo",,
2025,22,Las Vegas Grand Prix,"Las Vegas Strip Circuit , Paradise, Nevada",,
2025,23,Qatar Grand Prix,"Lusail International Circuit , Lusail",,
2025,24,Abu Dhabi Grand Prix,"Yas Marina Circuit , Abu Dhabi",,
2025,Source:,,,,
2026,1,Australian Grand Prix,"Albert Park Circuit , Melbourne",,
2026,2,Chinese Grand Prix,"Shanghai International Circuit , Shanghai",,
2026,3,Japanese Grand Prix,"Suzuka Circuit , Suzuka",,
2026,4,Miami Grand Prix,"Miami International Autodrome , Miami Gardens, Florida",,
2026,5,Canadian Grand Prix,"Circuit Gilles Villeneuve , Montreal",,
2026,6,Monaco Grand Prix,"Circuit de Monaco , Monaco",,
2026,7,Barcelona-Catalunya Grand Prix,"Circuit de Barcelona-Catalunya , Montmeló",,
2026,8,Austrian Grand Prix,"Red Bull Ring , Spielberg",,
2026,9,British Grand Prix,"Silverstone Circuit , Silverstone",,
2026,10,Belgian Grand Prix,"Circuit de Spa-Francorchamps , Stavelot",,
2026,11,Hungarian Grand Prix,"Hungaroring , Mogyoród",,
2026,12,Dutch Grand Prix,"Circuit Zandvoort , Zandvoort",,
2026,13,Italian Grand Prix,"Monza Circuit , Monza",,
2026,14,Spanish Grand Prix,"Madring , Madrid",,
2026,15,Azerbaijan Grand Prix,"Baku City Circuit , Baku",,
2026,16,Bahrain Grand Prix,"Sepang International Circuit , Sepang",,
2026,17,Singapore Grand Prix,"Marina Bay Street Circuit , Singapore",,
2026,18,United States Grand Prix,"Circuit of the Americas , Austin, Texas",,
2026,19,Mexico City Grand Prix,"Autódromo Hermanos Rodríguez , Mexico City",,
2026,20,São Paulo Grand Prix,"Interlagos Circuit , São Paulo",,
2026,21,Las Vegas Grand Prix,"Las Vegas Strip Circuit , Paradise, Nevada",,
2026,22,Qatar Grand Prix,"Lusail International Circuit , Lusail",,
2026,23,Abu Dhabi Grand Prix,"Yas Marina Circuit , Abu Dhabi",,
2026,Source:,,,,
